blink_count,mean_ibi,ibi_std,target
8,1.2927792753492082,0.4332717546817666,1
7,1.3689554929733276,0.6380034745476195,1
4,3.259655316670736,1.639200488672898,1
7,1.4904165267944336,0.9014444152691752,1
4,2.5308523178100586,1.16163285353098,1
7,1.0045643250147502,0.3052465216772488,1
3,2.546435594558716,1.4064435958862305,1
3,2.964330554008484,0.05717146396636963,1
5,2.444452464580536,1.9766981585835923,1
2,5.719218969345093,0.0,1
3,3.6391910314559937,1.356408953666687,1
4,3.2242132822672525,0.3012384465970882,1
4,2.810302257537842,1.2549545794235357,1
11,0.8945675134658814,0.2026273840979973,1
8,1.3802635669708252,0.6594937029433839,1
12,0.8985108245502819,0.4259200168018571,1
8,1.3225595951080322,0.2673428512422606,1
9,1.2353872656822205,0.3838655185956529,1
6,1.9144525527954102,0.7482349332475221,1
7,1.6467312971750896,0.945439693934575,1
9,1.182895988225937,0.21406169728275234,1
5,2.1051185131073,1.2098082770727867,1
7,1.4907911618550618,0.7846901509481474,1
2,17.315032720565796,0.0,1
8,1.3367631435394287,0.42923008416717995,1
6,1.8927266120910644,0.31103394497916503,1
7,1.4218786557515461,0.5391011644074623,1
6,1.9771621704101563,0.7309099957712388,1
7,1.490668495496114,0.5471989999170164,1
7,1.6472474733988445,0.9692753587391851,1
5,2.132075011730194,1.2263933075259899,1
5,2.3663727045059204,0.6677148485660395,1
6,1.6636102199554443,0.6610044227273499,1
7,1.5426727930704753,0.7468274621360487,1
8,1.337094443184989,0.6990061258546336,1
11,0.998898720741272,0.36798731307101185,1
7,1.47263765335083,1.1015521396647743,1
5,2.469969928264618,1.4055194647421725,1
6,1.622087574005127,0.6574887055914743,1
6,1.9760057926177979,1.0070068053698837,1
7,1.4725963274637859,0.7983110898768976,1
9,1.2220487296581268,0.25850914613624965,1
6,1.6640041828155518,1.0087436485209746,1
7,1.5252561569213867,0.7100177415011475,1
6,1.5598472118377686,1.141769270197775,1
6,1.6433207988739014,0.48982345161757007,1
4,1.803071657816569,1.014777538340307,1
4,3.1202402909596763,1.2333289519443154,1
7,1.6291193167368572,0.7838028310111161,1
5,2.1826955676078796,0.8141618532939519,1
8,1.3827048710414342,0.6057536583983351,1
6,1.7459757804870606,1.0079852462935033,1
6,1.68406982421875,0.4695657298962424,1
7,1.5080488125483196,0.7321665976022061,1
7,1.4392754634221394,0.8117552746517067,1
7,1.6302462021509807,0.9146132468271242,1
8,1.4267963000706263,0.41268731395934816,1
8,1.2328455788748605,0.40269678651384494,1
8,1.20355943271092,0.2826945789388603,1
7,1.6637888352076213,1.07996566670375,1
5,1.8708747625350952,1.1608648785155267,1
9,1.2352069020271301,0.36468149349686463,1
8,1.351945400238037,0.4775957223519883,1
4,1.9423843224843342,0.789641586498736,1
6,1.6427197933197022,0.3226402098396272,1
8,1.3528228487287248,0.7621483632421916,1
4,2.4263052940368652,1.4082523708263854,1
5,1.7931784987449646,0.6173353820711777,1
8,1.4264833245958601,0.3232892289746367,1
7,1.6286970376968384,1.0325661248750995,1
6,1.6437936305999756,1.3713418536212731,1
5,1.8456617593765259,0.5027968151842855,1
7,1.6639136870702107,0.6726732112536826,1
6,1.9968053817749023,1.1348614867837317,1
8,1.2925617013658797,0.3288733680192129,1
7,1.4039993286132812,0.5337401847512615,1
6,1.8517159938812255,0.9930954759414997,1
3,1.8708950281143188,0.41069114208221436,1
5,2.4960217475891113,0.6889184240744709,1
4,3.153265953063965,2.4729315077337337,1
5,2.469531297683716,1.49253029313743,1
3,2.0260144472122192,0.8882514238357544,1
4,3.2241156101226807,2.4085124140197407,1
4,2.4970720609029136,0.9450213324649995,1
9,1.170185387134552,0.2676204383510804,1
5,1.6132490038871765,1.1271324016024729,1
2,15.101612091064453,0.0,1
2,0.9322817325592041,0.0,1
2,11.858774900436401,0.0,1
7,1.5259530146916707,1.2549800947014347,1
7,1.612016002337138,1.221453535187013,1
6,1.933436965942383,0.7612547529139752,1
6,1.2893055915832519,0.6501439779202695,1
7,1.6460436582565308,0.9199753734943654,1
8,1.4260785579681396,0.4751551570861256,1
9,1.0005449950695038,0.5460517658876849,1
10,1.0047886371612549,0.3590810213740188,1
5,1.5599421858787537,0.9230157087962843,1
7,1.5245153506596882,1.2337840215534266,1
5,1.8986197710037231,0.9789989998108551,1
5,2.3402501940727234,1.6454976345148131,1
6,1.9765424251556396,0.8771199443199155,1
10,0.8318776554531522,0.2768371930108434,1
7,1.4555816650390625,0.8429475650386531,1
7,1.3872005144755046,0.700285484655136,1
10,1.0868552260928683,0.4250053114629613,1
8,1.2477632931300573,0.5914591278848893,1
8,1.2925605773925781,1.0052690623326155,1
10,0.9935308032565646,0.22531299142174782,1
8,1.2028807231358118,0.5631789975213538,1
6,1.9761911869049071,1.9228171600442885,1
9,1.2480157315731049,0.5256785997791273,1
5,1.726200520992279,1.4252030601387007,1
5,2.2346152663230896,1.1128205872997656,1
6,1.9335450172424316,1.0601585757213998,1
8,1.4114721502576555,0.7985619020099257,1
6,1.8927767753601075,0.7628109843366102,1
5,1.7698925733566284,0.6428039291101452,1
5,2.4694292545318604,0.50456490648059,1
8,1.411679438182286,0.7316552748389882,1
5,2.4948962330818176,1.5533174931627163,1
5,2.2340264916419983,1.0687722356267204,1
5,2.391004979610443,1.462584883001248,1
2,3.3287007808685303,0.0,1
4,1.698574384053548,0.7196375226382211,1
7,1.5251535177230835,0.3781624956732909,1
6,1.5183354377746583,0.814578827775273,1
4,3.050302028656006,2.217955013987085,1
8,1.1887918540409632,0.5069002863216874,1
6,1.539585781097412,0.9919505277496988,1
4,3.1208199659983316,0.7245874364185299,1
3,3.7986220121383667,2.3441489934921265,1
2,14.6636221408844,0.0,1
4,3.155259370803833,1.386853603916577,1
7,1.4385338226954143,0.3768143361198371,1
10,1.0052034589979384,0.430349904272854,1
10,1.0864397949642606,0.29491986677630244,1
7,1.4897559881210327,0.5240031463141434,1
6,1.5602827548980713,0.8481122295182933,1
8,1.4263231073107039,0.5791993910877845,1
5,2.1848790049552917,2.1013453123805026,1
4,1.0733240445454915,0.12821698397310538,1
5,2.0033607482910156,0.7796941672095183,1
4,3.1546479860941568,2.4797260687141116,1
7,1.5418776671091716,0.48264553664249205,1
4,3.154679616292318,2.55528194897322,1
4,2.9811533292134604,1.354611375287431,1
3,4.836353540420532,3.381774663925171,1
5,2.2879287600517273,1.4958759260531291,1
6,1.850935173034668,1.4824528622834705,1
6,1.664334774017334,0.7411777917103993,1
4,3.224913994471232,1.5745192553453977,1
2,5.302727937698364,0.0,1
2,3.017198085784912,0.0,1
3,0.7269715070724487,0.31113946437835693,1
2,1.454442024230957,0.0,1
4,2.2547897497812905,1.2747963796883524,1
3,2.756593108177185,1.821053147315979,1
4,1.5608227252960205,0.956725284753716,1
6,1.434361982345581,0.8671162698789748,1
2,9.359808921813965,0.0,1
3,3.690788984298706,2.442352056503296,1
4,3.085160414377848,0.9398787259597857,1
5,2.3129894137382507,0.966832540060803,1
2,1.35223388671875,0.0,1
7,1.4724746942520142,0.24987875468737272,1
5,2.1052709817886353,0.8494121346503997,1
3,4.575821399688721,3.8484435081481934,1
3,3.4298559427261353,0.2095879316329956,1
7,1.1606926520665486,0.4761131864685674,1
4,3.119425376256307,1.9145922199765484,1
4,2.185066302617391,1.6181575260402485,1
5,2.1068387627601624,1.0486627565972373,1
6,1.9755030155181885,0.3995132270454332,1
2,8.526575803756714,0.0,1
6,1.622578763961792,0.5909288386286708,1
5,2.210932493209839,0.9990458360532846,1
6,1.976294183731079,0.8922810087159583,1
7,1.5767364501953125,1.091373673684017,1
5,2.1840503215789795,0.7468710080330503,1
2,4.8877339363098145,0.0,1
4,1.2834021250406902,0.550826821519021,1
4,3.0179080168406167,0.9180578368901802,1
5,2.444156587123871,2.651553126493908,1
4,2.911071300506592,1.1868025231128678,1
5,1.639014720916748,0.5326228012664064,1
3,2.9634865522384644,2.132928490638733,1
3,3.380080461502075,2.548485517501831,1
5,1.5324400067329407,0.7378287740356299,1
3,3.6422064304351807,2.0817034244537354,1
4,2.773322661717733,1.7490154383498757,1
2,8.837285041809082,0.0,1
3,3.951751470565796,1.2465283870697021,1
6,1.892229175567627,1.0647649672163422,1
6,1.976638174057007,0.747014458528967,1
4,2.460865338643392,0.7679554402857894,1
8,1.3523805822644914,0.66766047313385,1
3,4.316902041435242,2.8579081296920776,1
6,1.64338059425354,0.694075492983272,1
3,4.2102789878845215,1.0904488563537598,1
6,1.953729772567749,1.5984705396593304,1
7,1.5451016823450725,0.6843060944653557,1
4,3.2257210413614907,3.2508739018217505,1
4,2.357807715733846,0.9358969987862265,1
7,1.5939288139343262,1.1327043963172272,1
7,1.403965989748637,0.35394015693011455,1
3,3.325790524482727,0.001408696174621582,1
4,2.981501261393229,2.7531298901201966,1
7,1.490163008371989,1.2933641941694327,1
5,2.3127857446670532,1.2834988435533286,1
4,2.876560688018799,1.0150370339092516,1
8,1.353731291634696,0.7029853566798526,1
3,3.3794134855270386,2.8595136404037476,1
6,1.766369390487671,1.7127036779975655,1
9,1.247626543045044,0.5488448452284228,1
4,2.530919631322225,1.802432695897647,1
4,1.7674396832784016,0.9160898278307272,1
2,11.74863076210022,0.0,1
3,2.3390090465545654,0.6739709377288818,1
3,3.6929880380630493,0.47003304958343506,1
6,1.9964064121246339,1.194090922814911,1
3,2.6512930393218994,1.4068851470947266,1
4,2.6337316830952964,0.2153153316710615,1
6,1.9553706169128418,1.4397115267667644,1
4,2.287139654159546,0.5939388208929841,1
8,1.1886753014155798,0.3635838298188144,1
6,1.872402048110962,0.5511407536114354,1
6,1.6011574745178223,0.9841377786105937,1
5,2.2606751918792725,2.058787409708883,1
7,1.2998988231023152,0.2536552588652893,1
4,3.2917179266611734,1.6615157645025012,1
7,1.4563724597295125,0.8314481624574304,1
3,4.005424976348877,1.8163511753082275,1
6,1.623468780517578,0.6335353170242567,1
7,1.5431559483210247,0.8170549658546787,1
3,4.215400576591492,2.1320894956588745,1
6,1.892904806137085,1.0430330396120646,1
3,4.801139950752258,1.4351240396499634,1
4,3.2590999603271484,3.208918298865181,1
4,2.947741667429606,1.7512150978676324,1
6,1.7679687976837157,0.7894175834732715,1
5,2.471033215522766,1.8246106134674724,1
5,2.3141120076179504,1.4621889996167872,1
6,1.9147505283355712,1.0018069855678686,1
6,1.9970845699310302,1.609236879757473,1
7,1.3858236869176228,1.110698152939311,1
4,2.73799999554952,1.7379575178553492,1
5,2.3909515738487244,1.07340323021452,1
6,1.1849462032318114,0.6268600330415143,1
4,2.1147730350494385,0.46509897385604587,1
5,2.0548369884490967,0.5179968620458849,1
7,1.473132610321045,0.5780037784394279,1
6,1.7055131435394286,0.776517390734367,1
4,1.8369797070821126,0.8031582191322395,1
6,1.706522035598755,0.8903881272820525,1
2,6.865347862243652,0.0,1
8,1.4113568578447615,0.5042160761758596,1
6,1.851143980026245,0.6646143829989849,1
6,1.6222335815429687,0.836808279020595,1
5,1.9770577549934387,0.8315608921196582,1
10,1.040450096130371,0.3877707782295567,1
